trial_id,status,score,best_step,dropout,lr,weight_decay,beta_1,batch_size
03,COMPLETED,0.9163680076599121,4,0.5,0.006456975199018033,0.0001966340202965072,0.98,32
09,COMPLETED,0.9151732325553894,2,0.1,0.007158990014994908,0.0026185713386263133,0.89,64
04,COMPLETED,0.9091995358467102,8,0.4,0.0011278264598739607,1.0082235528858364e-05,0.93,64
08,COMPLETED,0.9056152701377869,2,0.30000000000000004,0.009873207981175677,0.0008640824982844477,0.92,32
02,COMPLETED,0.8984468579292297,4,0.30000000000000004,0.0008786243180612366,3.947352649764365e-05,0.8,64
05,COMPLETED,0.8817204236984253,1,0.2,0.0007439527072564093,0.00023540551677279578,0.9,32
07,COMPLETED,0.876941442489624,8,0.4,0.0006565633463247954,0.008886937950802115,0.8,128
00,COMPLETED,0.7968936562538147,9,0.2,3.7416460916199476e-05,0.0003039645371742214,0.81,32
06,COMPLETED,0.602150559425354,9,0.1,3.307648156372381e-05,0.0011317412889242566,0.9600000000000001,128
01,COMPLETED,0.5806451439857483,1,0.4,1.3967938522021185e-05,0.009696943822357685,0.8400000000000001,64
