text,nsfw_probability,Calibrated_label,Calibrated_threshold,Lenient_label,Lenient_threshold,Standard_label,Standard_threshold,Strict_label,Strict_threshold
hanapin ang langgam excuse my hairy pit,0.012645989656448364,Safe,0.5,Safe,0.2,Safe,0.5,Safe,0.8
she got fire ass,0.9909257888793945,NSFW,0.5,NSFW,0.2,NSFW,0.5,NSFW,0.8
stress posting ulit kasi wym di pa rin ma balance na adjust ko naman na lahat,0.00900376494973898,Safe,0.5,Safe,0.2,Safe,0.5,Safe,0.8
that bikini looks like its been painted on,0.055686403065919876,Safe,0.5,Safe,0.2,Safe,0.5,Safe,0.8
heres sneak peek of bodyshots nsfw using the top posts np com bodyshots top sort top amp year of the year amazing he didnt hit me in the face this time im assuming people are happy about it imgur com ckurg jpg comments np com bodyshots comments kro hp amazing he didnt hit me in the face this timeim proud of this one he covered me good oc imgur com izhbc png comments np com bodyshots comments iq ddm proud of this one he covered me good oc pulling out to cum all over me redgifs com watch whichlikelyreynard comments np com bodyshots comments mhtjzd pulling out to cum all over me im bot beep boop downvote to remove contact me com message compose to sneakpeekbot info np com sneakpeekbot opt out np com sneakpeekbot comments wk blacklist ix,0.1365291178226471,Safe,0.5,Safe,0.2,Safe,0.5,Safe,0.8
can taste please just drop have so much to spare,0.007072703447192907,Safe,0.5,Safe,0.2,Safe,0.5,Safe,0.8
yesssssss tongue kiss deeply,0.9849360585212708,NSFW,0.5,NSFW,0.2,NSFW,0.5,NSFW,0.8
perfect combination hot and slimy,0.9824289083480835,NSFW,0.5,NSFW,0.2,NSFW,0.5,NSFW,0.8
if we reverse your statement we see why its not one we use for reasons of evidence for claim gt im one of the rare ones that got the procedure as an adult gt the prevalence of circumcision in na is partly to blame for this imo your circumstance is not generalizable it is as you said rare,0.05613047257065773,Safe,0.5,Safe,0.2,Safe,0.5,Safe,0.8
wow amazing im down for that anyday hahaha,0.007000768091529608,Safe,0.5,Safe,0.2,Safe,0.5,Safe,0.8
want to breed that bitch,0.9931561350822449,NSFW,0.5,NSFW,0.2,NSFW,0.5,NSFW,0.8
looks into the camera for what concentrate on swallowing his cum gezzz,0.9946725964546204,NSFW,0.5,NSFW,0.2,NSFW,0.5,NSFW,0.8
sarap mong maging puta,0.7194786667823792,NSFW,0.5,NSFW,0.2,NSFW,0.5,Safe,0.8
grabeng puke yan sarap kainin,0.2971927523612976,Safe,0.5,NSFW,0.2,Safe,0.5,Safe,0.8
daming mag ddm sayo hahaha,0.015744956210255623,Safe,0.5,Safe,0.2,Safe,0.5,Safe,0.8
if youre into older guys ill pound your pussy,0.9957751631736755,NSFW,0.5,NSFW,0.2,NSFW,0.5,NSFW,0.8
give you it everyday,0.028750594705343246,Safe,0.5,Safe,0.2,Safe,0.5,Safe,0.8
that lot of cum only used to one load,0.9914454221725464,NSFW,0.5,NSFW,0.2,NSFW,0.5,NSFW,0.8
can help you with that,0.009701698087155819,Safe,0.5,Safe,0.2,Safe,0.5,Safe,0.8
your eyes are absolutely stunning,0.0074059017933905125,Safe,0.5,Safe,0.2,Safe,0.5,Safe,0.8
