epoch,train_loss,val_loss,train_acc,val_acc,val_precision,val_recall,val_f1,val_macro_f1,val_pr_auc
1,3954045.075450605,6231394.659090909,0.5518565941101152,0.5516499282639885,0.0,0.0,0.0,0.3555247341655109,0.4483500717360115
2,2747580.914755544,4270798.75,0.5518565941101152,0.5516499282639885,0.0,0.0,0.0,0.3555247341655109,0.4483500717360115
3,895750.2309097783,2042323.3977272727,0.5518565941101152,0.5516499282639885,0.0,0.0,0.0,0.3555247341655109,0.4483500717360115
4,58708.5186984366,588746.0951704546,0.5518565941101152,0.5516499282639885,0.0,0.0,0.0,0.3555247341655109,0.4483500717360115
5,600.4742075642271,121263.76669034091,0.5518565941101152,0.5516499282639885,0.0,0.0,0.0,0.3555247341655109,0.4483500717360115
6,109.57123265343327,89507.435546875,0.5518565941101152,0.5516499282639885,0.0,0.0,0.0,0.3555247341655109,0.44923271162123385
7,44.367995097617346,101284.30486505682,0.5518565941101152,0.5516499282639885,0.0,0.0,0.0,0.3555247341655109,0.4483500717360115
8,150.21302635535116,35073.31516335227,0.5518565941101152,0.5516499282639885,0.0,0.0,0.0,0.3555247341655109,0.45339580218671977
9,442.3224308740708,62274.593217329544,0.5518565941101152,0.5516499282639885,0.0,0.0,0.0,0.3555247341655109,0.4483500717360115
10,20.42191969579266,58585.05752840909,0.5518565941101152,0.5516499282639885,0.0,0.0,0.0,0.3555247341655109,0.4483500717360115
11,290.41749247331774,44502.55894886364,0.5518565941101152,0.5516499282639885,0.0,0.0,0.0,0.3555247341655109,0.4505979913916786
