Epoch,Train Loss,LR,Train Speed (img/s),Val mAP@50,Val mAP@50-95,Val mAP@75,Val Latency (ms),Val Speed (img/s)
1,7.415097138501595,0.0019997806834748453,126.63,,,,,
2,6.3979502083598705,0.0019991228300988585,128.82,,,,,
3,6.044311271888622,0.0019980267284282717,127.82,,,,,
4,5.827137446749037,0.0019964928592495043,128.44,,,,,
5,5.668287708448327,0.0019945218953682734,127.35,0.3433810770511627,0.12212951481342316,0.05287447199225426,7.04,142.10
6,5.555369914787403,0.001992114701314478,127.15,,,,,
7,5.42637901029725,0.001989272332962988,127.70,,,,,
8,5.335842953557553,0.001985996037070505,128.18,,,,,
9,5.266107325623,0.001982287250728689,127.23,,,,,
10,5.194048331440359,0.0019781476007338056,127.61,0.4422554075717926,0.16846206784248352,0.09078389406204224,6.98,143.24
11,5.130968317778215,0.00197357890287316,128.09,,,,,
12,5.101887194315593,0.0019685831611286307,127.28,,,,,
13,5.0444738733595695,0.001963162566797658,126.81,,,,,
14,4.983630647521088,0.0019573194975320667,126.91,,,,,
15,4.948739870043768,0.0019510565162951532,127.85,0.48534050583839417,0.19035032391548157,0.10713080316781998,7.28,137.37
16,4.9191789613253825,0.0019443763702374807,126.81,,,,,
17,4.870672311644623,0.001937281989491891,127.61,,,,,
18,4.833661865842515,0.0019297764858882509,127.25,,,,,
19,4.814181521318961,0.0019218631515885,126.86,,,,,
20,4.7733390904855035,0.0019135454576426003,126.39,0.5284873843193054,0.21816816926002502,0.13986603915691376,7.08,141.15
21,4.736366114409074,0.001904827052466019,126.35,,,,,
22,4.709348179637522,0.0018957117602394122,126.71,,,,,
23,4.671914565044901,0.001886203579231214,127.00,,,,,
24,4.641888052484264,0.0018763066800438627,126.63,,,,,
25,4.628147009835727,0.0018660254037844378,125.84,0.5353761315345764,0.22659030556678772,0.14978733658790588,7.02,142.43
26,4.594208988244983,0.001855364260160506,127.25,,,,,
27,4.572840526829595,0.0018443279255020144,126.70,,,,,
28,4.531110135368679,0.0018329212407100987,126.82,,,,,
29,4.520048053022744,0.0018211492091337032,127.17,,,,,
30,4.509113226766171,0.0018090169943749466,126.62,0.5410428643226624,0.2283942550420761,0.15081948041915894,7.03,142.19
31,4.473035302369491,0.0017965299180241953,126.97,,,,,
32,4.45333331287771,0.0017836934573258391,126.77,,,,,
33,4.436584934980973,0.0017705132427757887,126.68,,,,,
34,4.416521143567735,0.001756995055651756,125.92,,,,,
35,4.379098653102266,0.001743144825477394,126.55,0.5597176551818848,0.23279765248298645,0.14776484668254852,7.08,141.29
36,4.369483153716377,0.001728968627421411,128.18,,,,,
37,4.355403550465902,0.0017144726796328028,126.82,,,,,
38,4.32191630239072,0.0016996633405133652,127.68,,,,,
39,4.313954227558081,0.0016845471059286883,126.75,,,,,
40,4.2954763467761055,0.0016691306063588579,127.13,0.5574114322662354,0.23648299276828766,0.16036896407604218,7.30,136.94
41,4.280390233578889,0.0016534206039901052,127.35,,,,,
42,4.236625430203866,0.0016374239897486893,126.17,,,,,
43,4.216778042696524,0.00162114778027831,126.79,,,,,
44,4.21704817371092,0.0016045991148623746,126.98,,,,,
45,4.1930212967637654,0.0015877852522924727,125.29,0.5627838373184204,0.23756998777389526,0.1604154258966446,7.19,139.13
46,4.170894171535105,0.0015707135676844316,127.69,,,,,
47,4.142653470108474,0.0015533915492433438,126.44,,,,,
48,4.132341981279677,0.0015358267949789964,127.28,,,,,
49,4.113172323116358,0.00151802700937313,126.63,,,,,
50,4.102222257420636,0.0014999999999999996,126.17,0.5687484741210938,0.24431200325489044,0.1688155084848404,7.09,141.02
51,4.092589242216469,0.001481753674101715,127.88,,,,,
52,4.0657225256380825,0.0014632960351198614,126.05,,,,,
53,4.053060687797657,0.001444635179184927,125.77,,,,,
54,4.05714994167936,0.0014257792915650723,126.21,,,,,
55,4.028435018788214,0.0014067366430757997,125.44,0.5716217756271362,0.24846939742565155,0.1740960031747818,7.13,140.27
56,4.003097237711367,0.0013875155864521023,125.68,,,,,
57,3.9991822885430377,0.0013681245526846776,126.68,,,,,
58,3.982573261813841,0.0013485720473218146,125.18,,,,,
59,3.9560095455335533,0.0013288666467385826,125.72,,,,,
60,3.921981383752132,0.0013090169943749468,125.40,0.5565903782844543,0.24486315250396729,0.17785094678401947,7.32,136.65
61,3.9160388746123385,0.0012890317969444709,125.60,,,,,
62,3.916076072057088,0.0012689198206152648,125.66,,,,,
63,3.9513172391532123,0.0012486898871648538,126.35,,,,,
64,3.93247884252797,0.001228350870110655,125.58,,,,,
65,3.8776006574216098,0.0012079116908177586,125.09,0.5862324833869934,0.25460144877433777,0.1757909208536148,7.21,138.77
66,3.8434685451396997,0.001187381314585724,126.06,,,,,
67,3.850169481056324,0.0011667687467161014,126.02,,,,,
68,3.809288351086603,0.001146083028562411,125.99,,,,,
69,3.7786904424860857,0.0011253332335643034,125.72,,,,,
70,3.776958605863046,0.001104528463267653,125.75,0.5699837803840637,0.23698726296424866,0.1597517877817154,7.31,136.71
71,3.784190655445707,0.0010836778433323147,126.78,,,,,
72,3.8273953755696613,0.0010627905195293127,126.38,,,,,
73,3.7605746448903843,0.0010418756537291989,125.88,,,,,
74,3.7170296738113184,0.0010209424198833561,126.09,,,,,
75,3.717368773446567,0.0009999999999999992,125.52,0.5657652020454407,0.24335379898548126,0.1702621579170227,7.21,138.68
76,3.685519808617191,0.0009790575801166424,124.97,,,,,
77,3.687864138423533,0.0009581243462707994,125.29,,,,,
78,3.82518387393675,0.000937209480470686,124.60,,,,,
79,3.69115046625552,0.0009163221566676835,125.33,,,,,
80,3.6305891057719357,0.0008954715367323457,124.61,0.5768977999687195,0.24919168651103973,0.17133589088916779,7.26,137.65
81,3.6241468782010284,0.0008746667664356949,125.03,,,,,
82,3.602464929525403,0.0008539169714375878,125.51,,,,,
83,3.572742101420527,0.0008332312532838968,126.42,,,,,
84,3.582470499259838,0.0008126186854142746,125.22,,,,,
85,3.5532232899596727,0.0007920883091822399,125.46,0.5702217221260071,0.24422769248485565,0.16979925334453583,7.17,139.40
86,3.565771838201993,0.0007716491298893436,126.51,,,,,
87,3.573413336104241,0.0007513101128351447,125.75,,,,,
88,3.530273170747619,0.0007310801793847339,126.54,,,,,
89,3.4965411669966104,0.0007109682030555276,126.47,,,,,
90,3.4693123769069065,0.000690983005625052,126.56,0.5758247971534729,0.24318739771842957,0.16645652055740356,7.24,138.08
91,3.46977123523104,0.0006711333532614162,124.11,,,,,
92,3.4661342980205148,0.0006514279526781845,126.40,,,,,
93,3.421010010484336,0.0006318754473153219,126.68,,,,,
94,3.446044315808061,0.0006124844135478966,126.22,,,,,
95,3.4263725688492044,0.0005932633569241993,126.78,0.5751105546951294,0.2444126307964325,0.1609259694814682,7.30,136.95
96,3.408261457387952,0.0005742207084349269,125.56,,,,,
97,3.409158109581989,0.0005553648208150723,125.45,,,,,
98,3.381030795885169,0.0005367039648801381,126.25,,,,,
99,3.347007202756578,0.0005182463258982841,126.00,,,,,
100,3.3556067300879437,0.0004999999999999994,125.90,0.577883780002594,0.24897454679012299,0.17418189346790314,7.20,138.88
101,3.326463082216788,0.00048197299062686954,126.17,,,,,
102,3.354023315595544,0.0004641732050210032,125.87,,,,,
103,3.3352734662484433,0.0004466084507566556,125.98,,,,,
104,3.320845479550569,0.000429286432315568,126.61,,,,,
105,3.297112377139105,0.00041221474770752664,126.19,0.5740139484405518,0.24793821573257446,0.17380712926387787,7.11,140.74
106,3.2787226849708,0.00039540088513762483,126.34,,,,,
107,3.2990130472874295,0.0003788522197216894,125.87,,,,,
108,3.2719283871028733,0.00036257601025131,126.38,,,,,
109,3.256037041760873,0.0003465793960098946,125.66,,,,,
110,3.3658601152724112,0.0003308693936411415,126.39,0.5581238865852356,0.23920556902885437,0.15973329544067383,7.21,138.64
111,3.297553529601166,0.00031545289407131105,126.04,,,,,
112,3.238998223733211,0.00030033665948663425,125.93,,,,,
113,3.2086719858473627,0.0002855273203671967,126.63,,,,,
114,3.204394194699716,0.0002710313725785885,126.58,,,,,
115,3.201685957286669,0.0002568551745226055,126.63,0.5706972479820251,0.2463027685880661,0.1730848252773285,7.14,140.00
116,3.193697508521702,0.0002430049443482436,126.29,,,,,
117,3.1690450011820035,0.00022948675722421076,125.22,,,,,
118,3.138640466634778,0.00021630654267416018,125.73,,,,,
119,3.1500782178795856,0.00020347008197580364,125.65,,,,,
120,3.1473791143168572,0.00019098300562505257,125.72,0.576784610748291,0.24512316286563873,0.1654452681541443,7.12,140.39
121,3.158908390653306,0.00017885079086629588,125.92,,,,,
122,3.121683518782906,0.0001670787592899005,125.68,,,,,
123,3.103927968895954,0.00015567207449798486,126.70,,,,,
124,3.1112842248833696,0.00014463573983949333,126.13,,,,,
125,3.105369539537292,0.00013397459621556143,126.49,0.5701086521148682,0.24389919638633728,0.16421501338481903,7.11,140.64
126,3.121634361709374,0.00012369331995613634,126.03,,,,,
127,3.097179835775624,0.00011379642076878519,125.82,,,,,
128,3.090010244258936,0.00010428823976058725,126.64,,,,,
129,3.0969727626745254,9.517294753398059e-05,126.99,,,,,
130,3.091823429301165,8.64545423573992e-05,126.18,0.5705767273902893,0.2453782707452774,0.16844525933265686,7.10,140.84
131,3.084839177477187,7.813684841149932e-05,126.23,,,,,
132,3.073593939905581,7.022351411174861e-05,126.49,,,,,
133,3.077199657412543,6.271801050810851e-05,125.89,,,,,
134,3.0737201400425125,5.562362976251897e-05,125.46,,,,,
135,3.0673356249712516,4.8943483704846436e-05,125.71,0.5680170059204102,0.2432675063610077,0.16619166731834412,7.16,139.66
136,3.0624732763870903,4.2680502467932724e-05,126.64,,,,,
137,3.0583061591438625,3.6837433202341864e-05,126.80,,,,,
138,3.0627029923425204,3.14168388713689e-05,125.30,,,,,
139,3.039499056857565,2.642109712683969e-05,126.50,,,,,
140,3.0388231664464094,2.1852399266194407e-05,126.25,0.5689842104911804,0.24344857037067413,0.16688305139541626,7.10,140.88
141,3.0483553430308468,1.7712749271311376e-05,125.91,,,,,
142,3.0485789789669755,1.4003962929495006e-05,125.36,,,,,
143,3.0382189107977826,1.0727667037011659e-05,125.99,,,,,
144,3.04356952542844,7.885298685522228e-06,125.27,,,,,
145,3.042128024585005,5.478104631726705e-06,124.79,0.5688465237617493,0.24356627464294434,0.16697928309440613,7.16,139.60
146,3.04620682052944,3.5071407504956266e-06,125.24,,,,,
147,3.031656605264415,1.973271571728439e-06,125.28,,,,,
148,3.04923735079558,8.77169901141616e-07,125.65,,,,,
149,3.039707036640333,2.193165251545002e-07,125.44,,,,,
150,3.0282206818677375,0.0,125.49,0.5678157210350037,0.24370282888412476,0.16833080351352692,7.24,138.11
