epoch,accuracy,loss,precision,recall,val_accuracy,val_loss,val_precision,val_recall,learning_rate
0,0.615108847618103,0.6749923229217529,0.7103918194770813,0.23828572034835815,0.8088411092758179,0.5576454997062683,0.8208954930305481,0.7333333492279053,0.0010000000474974513
1,0.8811779618263245,0.4293981194496155,0.8993788957595825,0.8274285793304443,0.8745519518852234,0.4000106751918793,0.8947368264198303,0.8159999847412109,0.0010000000474974513
2,0.9518566131591797,0.3080347180366516,0.9626777172088623,0.9285714030265808,0.8864994049072266,0.3946071267127991,0.9022988677024841,0.8373333215713501,0.0010000000474974513
3,0.9787452220916748,0.26854953169822693,0.9831883907318115,0.9691428542137146,0.8984468579292297,0.3856877386569977,0.9367470145225525,0.8293333053588867,0.0010000000474974513
4,0.9877080917358398,0.2512810230255127,0.9913395047187805,0.9811428785324097,0.8888888955116272,0.3926672637462616,0.9122806787490845,0.8320000171661377,0.0010000000474974513
5,0.9935979247093201,0.23864121735095978,0.9959747195243835,0.9897142648696899,0.8948625922203064,0.38776057958602905,0.9111747741699219,0.8479999899864197,0.0010000000474974513
6,0.9966709613800049,0.23174253106117249,0.9971379637718201,0.9954285621643066,0.8948625922203064,0.3837738335132599,0.9159420132637024,0.8426666855812073,0.0010000000474974513
7,0.99615877866745,0.2276042252779007,0.9965655207633972,0.994857132434845,0.8876941204071045,0.400827020406723,0.9002848863601685,0.8426666855812073,0.0010000000474974513
8,0.99692702293396,0.22406090795993805,0.9977090358734131,0.9954285621643066,0.9044205546379089,0.3968506455421448,0.937685489654541,0.8426666855812073,0.0010000000474974513
9,0.997951328754425,0.22000828385353088,0.9977142810821533,0.9977142810821533,0.8984468579292297,0.4001234471797943,0.9190751314163208,0.8479999899864197,0.0010000000474974513
10,0.99769526720047,0.21831214427947998,0.9977129697799683,0.9971428513526917,0.8984468579292297,0.3979557156562805,0.9315476417541504,0.8346666693687439,0.0005000000237487257
11,0.9994878172874451,0.21614357829093933,0.9994285702705383,0.9994285702705383,0.8984468579292297,0.39919978380203247,0.9239766001701355,0.8426666855812073,0.0005000000237487257
