text,normalized_text,confidence_score,Calibrated_label,Calibrated_threshold,Lenient_label,Lenient_threshold,Standard_label,Standard_threshold,Strict_label,Strict_threshold
hanapin ang langgam excuse my hairy pit,hanapin ang langgam excuse my hairy pit,0.04114166647195816,Safe,0.5,Safe,0.2,Safe,0.5,Safe,0.8
she got fire ass,she got fire ass,0.9653550386428833,NSFW,0.5,NSFW,0.2,NSFW,0.5,NSFW,0.8
stress posting ulit kasi wym di pa rin ma balance na adjust ko naman na lahat,stress posting ulit kasi wym di pa rin ma balance na adjust ko naman na lahat,0.06267939507961273,Safe,0.5,Safe,0.2,Safe,0.5,Safe,0.8
that bikini looks like its been painted on,that bikini looks like its been painted on,0.06820098310709,Safe,0.5,Safe,0.2,Safe,0.5,Safe,0.8
heres sneak peek of bodyshots nsfw using the top posts np com bodyshots top sort top amp year of the year amazing he didnt hit me in the face this time im assuming people are happy about it imgur com ckurg jpg comments np com bodyshots comments kro hp amazing he didnt hit me in the face this timeim proud of this one he covered me good oc imgur com izhbc png comments np com bodyshots comments iq ddm proud of this one he covered me good oc pulling out to cum all over me redgifs com watch whichlikelyreynard comments np com bodyshots comments mhtjzd pulling out to cum all over me im bot beep boop downvote to remove contact me com message compose to sneakpeekbot info np com sneakpeekbot opt out np com sneakpeekbot comments wk blacklist ix,heres sneak peek of bodyshots nsfw using the top posts np com bodyshots top sort top amp year of the year amazing he didnt hit me in the face this time im assuming people are happy about it imgur com ckurg jpg comments np com bodyshots comments kro hp amazing he didnt hit me in the face this timeim proud of this one he covered me good oc imgur com izhbc png comments np com bodyshots comments iq ddm proud of this one he covered me good oc pulling out to cum all over me redgifs com watch whichlikelyreynard comments np com bodyshots comments mhtjzd pulling out to cum all over me im bot beep boop downvote to remove contact me com message compose to sneakpeekbot info np com sneakpeekbot opt out np com sneakpeekbot comments wk blacklist ix,0.9331061244010925,NSFW,0.5,NSFW,0.2,NSFW,0.5,NSFW,0.8
can taste please just drop have so much to spare,can taste please just drop have so much to spare,0.06907571107149124,Safe,0.5,Safe,0.2,Safe,0.5,Safe,0.8
yesssssss tongue kiss deeply,yess tongue kiss deeply,0.9561554193496704,NSFW,0.5,NSFW,0.2,NSFW,0.5,NSFW,0.8
perfect combination hot and slimy,perfect combination hot and slimy,0.9597727656364441,NSFW,0.5,NSFW,0.2,NSFW,0.5,NSFW,0.8
if we reverse your statement we see why its not one we use for reasons of evidence for claim gt im one of the rare ones that got the procedure as an adult gt the prevalence of circumcision in na is partly to blame for this imo your circumstance is not generalizable it is as you said rare,if we reverse your statement we see why its not one we use for reasons of evidence for claim gt im one of the rare ones that got the procedure as an adult gt the prevalence of circumcision in na is partly to blame for this imo your circumstance is not generalizable it is as you said rare,0.0809803307056427,Safe,0.5,Safe,0.2,Safe,0.5,Safe,0.8
wow amazing im down for that anyday hahaha,wow amazing im down for that anyday hahaha,0.09225498884916306,Safe,0.5,Safe,0.2,Safe,0.5,Safe,0.8
want to breed that bitch,want to breed that bitch,0.9736888408660889,NSFW,0.5,NSFW,0.2,NSFW,0.5,NSFW,0.8
looks into the camera for what concentrate on swallowing his cum gezzz,looks into the camera for what concentrate on swallowing his cum gezz,0.9592185616493225,NSFW,0.5,NSFW,0.2,NSFW,0.5,NSFW,0.8
sarap mong maging puta,sarap mong maging puta,0.8925517201423645,NSFW,0.5,NSFW,0.2,NSFW,0.5,NSFW,0.8
grabeng puke yan sarap kainin,grabeng puke yan sarap kainin,0.9480804204940796,NSFW,0.5,NSFW,0.2,NSFW,0.5,NSFW,0.8
daming mag ddm sayo hahaha,daming mag ddm sayo hahaha,0.3566925823688507,Safe,0.5,NSFW,0.2,Safe,0.5,Safe,0.8
if youre into older guys ill pound your pussy,if youre into older guys ill pound your pussy,0.9686498045921326,NSFW,0.5,NSFW,0.2,NSFW,0.5,NSFW,0.8
give you it everyday,give you it everyday,0.07475364953279495,Safe,0.5,Safe,0.2,Safe,0.5,Safe,0.8
that lot of cum only used to one load,that lot of cum only used to one load,0.9313977956771851,NSFW,0.5,NSFW,0.2,NSFW,0.5,NSFW,0.8
can help you with that,can help you with that,0.051174357533454895,Safe,0.5,Safe,0.2,Safe,0.5,Safe,0.8
your eyes are absolutely stunning,your eyes are absolutely stunning,0.06430862098932266,Safe,0.5,Safe,0.2,Safe,0.5,Safe,0.8
