epoch,accuracy,loss,precision_3,recall_3,val_accuracy,val_loss,val_precision_3,val_recall_3,learning_rate
0,0.6983354687690735,0.5987592339515686,0.7614259719848633,0.47600001096725464,0.8470728993415833,0.44206997752189636,0.8753799200057983,0.7680000066757202,0.0035093058831989765
1,0.9282970428466797,0.34535157680511475,0.9492664933204651,0.8874285817146301,0.9056152701377869,0.38284656405448914,0.9277456402778625,0.8560000061988831,0.0035093058831989765
2,0.97413569688797,0.2660289704799652,0.9835777282714844,0.9582856893539429,0.9115890264511108,0.35718294978141785,0.9215686321258545,0.8773333430290222,0.0035093058831989765
3,0.9833546876907349,0.24637825787067413,0.9806046485900879,0.982285737991333,0.9235364198684692,0.3502705991268158,0.9481267929077148,0.8773333430290222,0.0035093058831989765
4,0.9907810688018799,0.23086297512054443,0.9948036670684814,0.9845714569091797,0.9223417043685913,0.34808477759361267,0.9258241653442383,0.8986666798591614,0.0035093058831989765
5,0.9920614361763,0.2239377200603485,0.9914236664772034,0.9908571243286133,0.9271206855773926,0.3486495912075043,0.9485714435577393,0.8853333592414856,0.0035093058831989765
6,0.990268886089325,0.2223501354455948,0.9919540286064148,0.9862856864929199,0.918757438659668,0.3602655827999115,0.9275766015052795,0.8880000114440918,0.0035093058831989765
7,0.9930858016014099,0.2199307680130005,0.9897668957710266,0.994857132434845,0.9151732325553894,0.38953179121017456,0.9418604373931885,0.8640000224113464,0.0035093058831989765
8,0.9938540458679199,0.21997450292110443,0.9920182228088379,0.9942857027053833,0.9211469292640686,0.3634447455406189,0.9279778599739075,0.8933333158493042,0.0017546529415994883
9,0.9951344132423401,0.21626514196395874,0.994288980960846,0.994857132434845,0.9259259104728699,0.3483771085739136,0.9433428049087524,0.8880000114440918,0.0017546529415994883
